{
  "version": 1,
  "author": "Julian H",
  "editor": "wokwi",
  "parts": [
    { "type": "board-esp32-devkit-c-v4", "id": "esp", "top": -67.2, "left": -52.76, "attrs": {} },
    {
      "type": "wokwi-led",
      "id": "led1",
      "top": 76,
      "left": -190.6,
      "rotate": 270,
      "attrs": { "color": "red" }
    },
    {
      "type": "wokwi-led",
      "id": "led2",
      "top": 56.8,
      "left": -190.6,
      "rotate": 270,
      "attrs": { "color": "green" }
    },
    {
      "type": "wokwi-led",
      "id": "led3",
      "top": 37.6,
      "left": -190.6,
      "rotate": 270,
      "attrs": { "color": "blue", "flip": "" }
    },
    {
      "type": "wokwi-led",
      "id": "led4",
      "top": 18.4,
      "left": -190.6,
      "rotate": 270,
      "attrs": { "color": "yellow" }
    },
    {
      "type": "wokwi-led",
      "id": "led5",
      "top": -0.8,
      "left": -190.6,
      "rotate": 270,
      "attrs": { "color": "orange" }
    },
    {
      "type": "wokwi-led",
      "id": "led6",
      "top": -20,
      "left": -190.6,
      "rotate": 270,
      "attrs": { "color": "white" }
    },
    {
      "type": "wokwi-led",
      "id": "led7",
      "top": -39.2,
      "left": -190.6,
      "rotate": 270,
      "attrs": { "color": "purple" }
    },
    {
      "type": "wokwi-led",
      "id": "led8",
      "top": -58.4,
      "left": -190.6,
      "rotate": 270,
      "attrs": { "color": "magenta" }
    },
    {
      "type": "wokwi-resistor",
      "id": "r1",
      "top": -44.05,
      "left": -144,
      "attrs": { "value": "300" }
    },
    {
      "type": "wokwi-resistor",
      "id": "r2",
      "top": -24.85,
      "left": -144,
      "attrs": { "value": "300" }
    },
    {
      "type": "wokwi-resistor",
      "id": "r3",
      "top": -5.65,
      "left": -144,
      "attrs": { "value": "300" }
    },
    {
      "type": "wokwi-resistor",
      "id": "r4",
      "top": 13.55,
      "left": -144,
      "attrs": { "value": "300" }
    },
    {
      "type": "wokwi-resistor",
      "id": "r5",
      "top": 32.75,
      "left": -144,
      "attrs": { "value": "300" }
    },
    {
      "type": "wokwi-resistor",
      "id": "r6",
      "top": 51.95,
      "left": -144,
      "attrs": { "value": "300" }
    },
    {
      "type": "wokwi-resistor",
      "id": "r7",
      "top": 71.15,
      "left": -144,
      "attrs": { "value": "300" }
    },
    {
      "type": "wokwi-resistor",
      "id": "r8",
      "top": 90.35,
      "left": -144,
      "attrs": { "value": "300" }
    }
  ],
  "connections": [
    [ "esp:TX", "$serialMonitor:RX", "", [] ],
    [ "esp:RX", "$serialMonitor:TX", "", [] ],
    [ "r7:2", "esp:13", "green", [ "h8.4", "v19.2" ] ],
    [ "r8:2", "esp:12", "green", [ "v-9.6", "h18", "v-9.6" ] ],
    [ "r6:2", "esp:14", "green", [ "h18", "v9.6" ] ],
    [ "r5:2", "esp:15", "green", [ "h133.2", "v67.2" ] ],
    [ "esp:17", "r3:2", "green", [ "v-57.6", "h-133.2" ] ],
    [ "esp:18", "r2:2", "green", [ "v-57.6", "h-133.2" ] ],
    [ "esp:19", "r1:2", "green", [ "v-67.2", "h-133.2" ] ],
    [ "led8:A", "r1:1", "green", [ "h0" ] ],
    [ "led7:A", "r2:1", "green", [ "h0" ] ],
    [ "led6:A", "r3:1", "green", [ "h0" ] ],
    [ "led5:A", "r4:1", "green", [ "h0" ] ],
    [ "led4:A", "r5:1", "green", [ "h0" ] ],
    [ "led3:A", "r6:1", "green", [ "h0" ] ],
    [ "led2:A", "r7:1", "green", [ "h0" ] ],
    [ "led1:A", "r8:1", "green", [ "h0" ] ],
    [ "esp:GND.2", "led8:C", "black", [ "v-19.2", "h-201.6" ] ],
    [ "led8:C", "led7:C", "green", [ "h0" ] ],
    [ "led7:C", "led6:C", "green", [ "h0" ] ],
    [ "led6:C", "led5:C", "green", [ "h0" ] ],
    [ "led5:C", "led4:C", "green", [ "h0" ] ],
    [ "led4:C", "led3:C", "green", [ "h0" ] ],
    [ "led3:C", "led2:C", "green", [ "h0" ] ],
    [ "led2:C", "led1:C", "green", [ "h0" ] ],
    [ "esp:16", "r4:2", "green", [ "v-48", "h-133.2" ] ]
  ],
  "dependencies": {}
}